<?xml version="1.0" encoding="UTF-8"?>
<manifest identifier="golf_scorm" version="1.0"
          xmlns="http://www.imsproject.org/xsd/imscp_rootv1p1p2"
          xmlns:adlcp="http://www.adlnet.org/xsd/adlcp_rootv1p2"
          xmlns:xsi="http://www.w3.org/2001/XMLSchema-instance"
          xsi:schemaLocation="http://www.imsproject.org/xsd/imscp_rootv1p1p2 
          imscp_rootv1p1p2.xsd
          http://www.adlnet.org/xsd/adlcp_rootv1p2 
          adlcp_rootv1p2.xsd">
  <organizations default="org1">
    <organization identifier="org1">
      <title>Golf Example</title>
      <item identifier="item1" identifierref="res1">
        <title>Golf Lesson</title>
      </item>
    </organization>
  </organizations>
  <resources>
    <resource identifier="res1" type="webcontent" adlcp:scormtype="sco" href="index.html">
      <file href="index.html"/>
    </resource>
  </resources>
</manifest>
