<?xml version="1.0" encoding="UTF-8"?>
<manifest xmlns="http://www.imsproject.org/xsd/imscp_rootv1p1p2" xmlns:adlcp="http://www.adlnet.org/xsd/adlcp_rootv1p2" xmlns:xsi="http://www.w3.org/2001/XMLSchema-instance" identifier="MANIFEST-euE1728gjvkyNWgUPKrTVmSxJ" version="1" xsi:schemaLocation="http://www.imsproject.org/xsd/imscp_rootv1p1p2 imscp_rootv1p1p2.xsd                            http://www.imsglobal.org/xsd/imsmd_rootv1p2p1 imsmd_rootv1p2p1.xsd                            http://www.adlnet.org/xsd/adlcp_rootv1p2 adlcp_rootv1p2.xsd">

	<metadata>
		<schema>ADL SCORM</schema>
		<schemaversion>1.2</schemaversion>
	</metadata>

	<organizations default="ORG-DEFAULT">

		<organization identifier="ORG-DEFAULT" structure="hierarchical">
			<title><![CDATA[Introducción a la Transformación Digital]]></title>

			
			<item identifier="ITEM-QSZcgOCfoyJBkM9e4p4kh7tigZd2H54Gf9YoGhRX3YFzHiAbL5" isvisible="true" identifierref="RES-QSZcgOCfoyJBkM9e4p4kh7tigZd2H54Gf9YoGhRX3YFzHiAbL5">
				<title><![CDATA[Transformación Digital (Tecnologías de la T.D.)]]></title>
				
			</item>

				
		</organization>

	</organizations>

	<resources>
  
		
		<resource identifier="RES-QSZcgOCfoyJBkM9e4p4kh7tigZd2H54Gf9YoGhRX3YFzHiAbL5" type="webcontent" href="proxy.html?data=euE1728gjvkyNWgUPKrTVmSxJ/QSZcgOCfoyJBkM9e4p4kh7tigZd2H54Gf9YoGhRX3YFzHiAbL5" adlcp:scormtype="sco">
			<file href="config.js" />
			<file href="easyXDM.min.js" />
			<file href="jquery-1.6.1.min.js" />
			<file href="json2.js" />
			<file href="proxy.html" />
			<file href="redirect.html" />
			<file href="SCORM_wrapper.html" />
		</resource>

 
	</resources>

</manifest>